"ano","sigla_uf","va_agropecuaria","va_industria","va_servicos","va_adespss"
2012,"DF",493362.299,9705773.895,67883270.248,60179416.257
2013,"DF",612235.25,9690310.704,73716987.942,66783401.57
2014,"DF",770067.554,11346921.785,85358920.839,73725855.841
2015,"DF",626694.085,9996983.948,92375778.698,83294594.587
2016,"DF",820754.661,9662357.225,103859865.83,92051447.72
2017,"DF",828313.642,8448768.236,108322119.432,98002586.38
2018,"DF",1022690.641,9541298.29,113768086.938,101792841.454
2019,"DF",992393.584,9453608.031,125261853.488,107219248.727
2020,"DF",1623976.909,10942472.569,116547655.37,111267001.381
2021,"DF",2286948.384,10235489.638,127696742.323,116809197.663
2012,"GO",14076185.796,31753852.461,58523824.008,18122620.723
2013,"GO",16443064.606,34474150.791,62138112.013,20752958.079
2014,"GO",15645244.889,34823316.823,73155671.702,22936108.235
2015,"GO",16107352.63,37806900.135,76120154.718,24539044.436
2016,"GO",19727710.795,37192410.1,79562123.678,25625050.386
2017,"GO",19423014.552,37097357.607,86094314.437,28686493.566
2018,"GO",19905389.676,36092370.052,87575964.086,30316443.768
2019,"GO",21176310.751,39177869.336,91287240.882,33555499.807
2020,"GO",29022562.983,47124851.605,89797907.218,33887411.335
2021,"GO",42437487.322,53006222.575,105981332.309,36728695.291
2012,"MT",17431769.554,11064469.518,30643168.187,11310750.153
2013,"MT",18403528.187,13826119.832,33175417.134,13074720.159
2014,"MT",19080402.261,15824596.355,41243642.012,14662761.311
2015,"MT",19323226.798,17124333.398,44688809.409,16461404.866
2016,"MT",25083183.867,18327662.678,49629725.275,18874487.993
2017,"MT",22529143.287,17045048.654,52831420.277,19912251.528
2018,"MT",25684098.881,19398439.739,56343006.152,21268606.648
2019,"MT",27051018.424,20585079.174,56980389.866,22001917.567
2020,"MT",46004316.712,27663774.477,62253821.958,23686938.663
2021,"MT",79882438.692,32177974.355,73276756.241,25007411.254
2012,"MS",9672427.63,12318089.087,22393201.005,10256863.217
2013,"MS",10848014.821,13534624.371,25054324.84,11809777.797
2014,"MS",12195262.841,15220133.122,30331933.766,12625288.325
2015,"MS",13644663.795,16375541.007,30673810.277,13622561.943
2016,"MS",15920945.143,18678151.004,32792432.971,15275660.017
2017,"MS",15199479.164,19094159.024,35431615.262,16715721.015
2018,"MS",18296454.346,21406102.497,38563839.105,17917197.593
2019,"MS",16266178.181,20483615.518,38821933.55,19569234.705
2020,"MS",26045011.196,23313710.726,40463334.832,20075400.418
2021,"MS",32138405.97,25468385.99,47448444.533,20888757.303
2012,"AC",957229.306,1039346.21,3732117.248,3420686.86
2013,"AC",1182070.987,1107063.896,4245148.079,3949240.343
2014,"AC",1324890.583,1401516.813,5265059.717,4357518.864
2015,"AC",1346477.497,1248791.758,5309718.268,4538139.548
2016,"AC",1457713.747,1075591.295,5087576.651,4879119.108
2017,"AC",1342187.256,1023095.6,5280288.945,5190092.126
2018,"AC",1211596.865,1092994.192,5860255.387,5457210.663
2019,"AC",1044957.696,997676.011,6222757.172,5673900.349
2020,"AC",983531.817,1191345.376,6590543.331,6031050.521
2021,"AC",3637870.895,1371815.975,7652756.534,6633283.191
2012,"AP",273770.003,1222934.418,4083103.082,4670770.06
2013,"AP",253930.234,1549106.235,4743021.687,5210017.053
2014,"AP",269321.303,1293217.489,5333650.795,5476248.358
2015,"AP",269394.37,1657751.926,5334001.248,5629653.105
2016,"AP",289486.651,1587885.762,5370411.489,6220839.892
2017,"AP",310901.394,1545046.611,5931384.759,6685256.834
2018,"AP",294011.007,1826898.973,6354139.398,7189968.406
2019,"AP",311327.954,1524642.067,6673300.185,7814929.095
2020,"AP",339906.135,2134852.285,6481918.488,8255441.051
2021,"AP",346360.67,2365599.428,7215089.696,8578395.725
2012,"AM",4127920.999,22908356.965,21585028.433,10951001.325
2013,"AM",5165834.791,25419430.028,25630754.116,12595977.185
2014,"AM",5181035.235,24785545.053,27814443.777,14116840.712
2015,"AM",5793489.793,24230535.899,28112628.149,14558132.246
2016,"AM",5879992.534,26348685.885,28476562.978,15203247.723
2017,"AM",5604035.132,26055812.058,30512813.336,16324806.476
2018,"AM",5514897.806,28935047.335,32505662.412,17405936.167
2019,"AM",4970467.9,32982648.876,33592897.361,19179233.582
2020,"AM",5114449.147,35839810.63,34795836.265,20210620.577
2021,"AM",5631733.684,41858992.836,39019250.367,22727267.155
2012,"PA",10177461.197,32488198.494,36294946.964,18391448.798
2013,"PA",14532626.147,36630082.911,38179612.269,21054347.596
2014,"PA",13436405.92,33311858.045,42994151.968,23259223.193
2015,"PA",14500058.909,33186297.864,44834349.143,25791792.95
2016,"PA",17167979.564,31529492.424,47962380.324,28168476.962
2017,"PA",16743181.599,43802183.118,50120765.866,30982907.497
2018,"PA",14967854.033,45502447.42,54001480.126,32417333.529
2019,"PA",14944393.614,55476708.365,57019743.114,34468348.725
2020,"PA",19730656.823,84173852.302,56395092.424,37614037.9
2021,"PA",24296590.644,111321133.172,64743380.67,39736143.171
2012,"RO",3291666.459,5555132.871,10523965.933,7192102.357
2013,"RO",3329660.606,5340850.324,10990333.916,8025820.601
2014,"RO",3867529.18,5449765.822,12521672.137,8537217.302
2015,"RO",4353427.356,6039153.435,13123008.886,9058485.838
2016,"RO",4914567.473,6572650.973,14004784.331,9892832.744
2017,"RO",5876784.259,8193983.928,14450296.42,10759983.506
2018,"RO",5731718.7,7063046.287,16082571.95,11382452.532
2019,"RO",5852814.369,6936573.756,17482423.18,11765562.096
2020,"RO",6891411.669,8285675.424,19060688.174,12000339.418
2021,"RO",10581030.423,7708393.432,19662491.756,13103179.142
2012,"RR",213865.27,762519.382,2581877.104,3507565.347
2013,"RR",384113.042,1078682.591,2911462.692,3965069.585
2014,"RR",386508.284,1010032.055,3478905.843,4117581.13
2015,"RR",516328.412,900131.801,3461310.886,4563567.493
2016,"RR",563899.114,872475.111,3740704.77,5000424.614
2017,"RR",609139.184,960504.989,4081352.099,5531834.638
2018,"RR",640832.06,1355496.352,4616996.335,5653764.461
2019,"RR",718022.151,1009374.826,5076143.992,6193027.733
2020,"RR",1000907.462,1706511.472,5278754.962,6538065.265
2021,"RR",1234389.412,1535728.885,6368835.132,7170746.098
2012,"TO",2342060.958,3468601.715,7057594.489,5848235.36
2013,"TO",2714409.677,3595519.854,8344506.489,6986599.442
2014,"TO",3308539.779,3760203.24,9295407.759,7384561.885
2015,"TO",3415518.078,3819618.763,11078011.265,7982372.906
2016,"TO",3619436.934,3805824.537,12072217.783,9033983.216
2017,"TO",4159257.924,4544470.931,13017362.035,9130746.691
2018,"TO",4192214.978,3942534.402,13973142.357,10004083.953
2019,"TO",5036904.246,4211458.929,15340214.275,10949848.314
2020,"TO",8033173.625,4408431.38,15659235.395,11408069.023
2021,"TO",13364375.049,5000271.811,15959033.86,12371634.653
2012,"AL",2966360.125,6245822.589,13941950.573,8094794.624
2013,"AL",3494991.651,5924941.844,14931913.96,9356241.969
2014,"AL",4127595.808,5945156.176,17218289.451,9973047.59
2015,"AL",4866390.544,6430147.241,20327916.522,10636202.107
2016,"AL",6752098.441,5541012.703,20560758.051,11900788.758
2017,"AL",8493021.249,6021793.514,20912725.006,12378080.601
2018,"AL",8125048.155,5869558.661,21829083.09,13068586.577
2019,"AL",9459893.055,6411652.455,23729136.025,13431612.421
2020,"AL",12622357.004,7391279.856,22733527.234,14394347.426
2021,"AL",16829599.595,9432169.406,26317883.625,15912396.558
2012,"BA",12779208.866,35141826.2,79329536.739,32045322.419
2013,"BA",13102101.871,36471348.021,92134231.979,36554018.378
2014,"BA",15483991.943,41143347.75,99338759.872,40236743.073
2015,"BA",17854430.057,47768326.699,106058085.398,44305294.405
2016,"BA",16533810.479,54109026.89,111129517.803,46556986.636
2017,"BA",15826853.041,53019800.573,118105040.796,49186213.539
2018,"BA",19095907.512,53968696.886,126322349.821,51146885.083
2019,"BA",17488117.389,56013541.421,127392284.303,55574600.699
2020,"BA",28006935.845,59491629.931,122722534.185,58005682.121
2021,"BA",34058219.855,76494697.407,137724665.785,59046301.752
2012,"CE",3940265.41,17811603.544,43285274.074,19039253.716
2013,"CE",4879645.426,19347582.521,48931355.469,21711314.443
2014,"CE",5763511.926,21219778.813,58697767.319,25097732.572
2015,"CE",5158506.089,22419459.354,59941424.777,27124079.768
2016,"CE",5720372.247,23383228.371,64274032.783,28422569.899
2017,"CE",7487617.904,22209937.343,69602096.495,30810364.406
2018,"CE",7092296.39,24796334.454,72770081.502,32445810.616
2019,"CE",7360087.951,24407727.27,77038375.486,34322047.031
2020,"CE",9508982.039,25084342.425,75388196.183,36177275.815
2021,"CE",10410351.63,34230712.992,83990541.305,38425285.366
2012,"MA",5438768.365,10422535.222,23975009.732,13147751.181
2013,"MA",6834850.842,11376632.239,27194495.535,14622906.954
2014,"MA",7384200.172,12285257.081,32058618.371,16838255.044
2015,"MA",7242279.464,13709747.71,30615337.579,18288165.632
2016,"MA",6048059.567,13175421.123,36126351.342,20558534.753
2017,"MA",7508658.429,13482702.799,36436370.016,21795257.485
2018,"MA",7778786.735,16099462.005,39616757.957,23487640.511
2019,"MA",7322376.639,14568606.833,37710898.724,24687477.417
2020,"MA",11572448.702,17379117.915,39180320.013,26496332.602
2021,"MA",13885861.856,21733197.624,46190739.52,28420116.362
2012,"PB",1541055.884,7290419.745,16339494.249,12501013.531
2013,"PB",1846079.655,7333200.576,17527279.803,14281020.055
2014,"PB",1817994.893,7848846.658,21602865.027,15727588.159
2015,"PB",1909724.597,8607039.443,22911275.594,16677400.164
2016,"PB",2170748.288,8221271.379,24893730.098,17552440.378
2017,"PB",2156214.2,8436882.077,26320314.417,18762064.945
2018,"PB",2263878.743,8849561.56,26869026.42,19226842.76
2019,"PB",2195701.925,9255709.183,28853476.39,19972331.356
2020,"PB",2823160.239,10000792.865,29024383.956,20619694.846
2021,"PB",3190465.867,10071557.161,32576434.848,21927900.379
2012,"PE",3849507.955,23879347.856,56393176.996,24485638.93
2013,"PE",4245216.704,26001240.51,63686985.761,26962263.849
2014,"PE",4436619.155,24795153.384,73335371.419,30753527.065
2015,"PE",5221889.115,26895494.899,70388749.33,31993481.834
2016,"PE",6190757.584,28374770.069,74808731.259,34651121.587
2017,"PE",6036386.291,32604235.554,79635282.568,38056106.67
2018,"PE",6693462.103,32358420.26,80541005.11,39928715.113
2019,"PE",7551624.546,33358615.838,85871514.376,42171443.521
2020,"PE",8661859.317,34048335.574,79777759.037,42281155.25
2021,"PE",9605116.857,40694065.213,90257701.737,45308279.181
2012,"PI",1993218.529,3876111.974,11454287.83,8094783.775
2013,"PI",1774815.289,3432289.131,13068201.686,9572866.309
2014,"PI",2524584.634,5402314.602,15463028.115,10593816.61
2015,"PI",2734802.421,4752012.571,15936630.213,11645445.885
2016,"PI",1868311.858,4694163.22,17798890.461,12627703.608
2017,"PI",3791624.993,4919858.1,18390211.104,13411267.787
2018,"PI",4438221.341,5557652.558,19805301.504,14891578.795
2019,"PI",3773393.587,5778163.095,21456017.724,16124954.829
2020,"PI",5699077.548,7058009.523,20907298.468,16921876.944
2021,"PI",7821685.193,8222964.78,24184664.827,17259553.183
2012,"RN",1301903.52,10261649.494,18625292.256,11068185.908
2013,"RN",1484893.697,10736593.958,20935627.094,12746685.727
2014,"RN",1540754.536,10559609.525,22328626.331,13806018.267
2015,"RN",1638635.38,10741879.199,23931524.546,14871848.908
2016,"RN",1866107.857,10096237.892,25368840.855,15801841.451
2017,"RN",2160568.032,10694795.236,27524282.53,17010128.442
2018,"RN",2596771.256,11372517.802,28127590.936,17478830.746
2019,"RN",2694051.634,11751480.23,30468868.813,18952561.521
2020,"RN",3010587.934,11811274.269,29207941.819,19786450.318
2021,"RN",3141755.43,14728095.858,32321165.067,20873316.066
2012,"SE",1496450.133,8956934.52,11623147.431,7282333.642
2013,"SE",1797382.859,8076492.543,13528257.428,8206529.29
2014,"SE",1761811.314,8297844.014,14542800.019,9062324.463
2015,"SE",1732538.773,7849195.045,15348259.906,9578578.82
2016,"SE",1725189.808,6974076.683,16188209.375,9864425.089
2017,"SE",1966337.07,6968355.124,16964188.739,10513274.748
2018,"SE",1420290.531,7457822.878,17568466.651,10835284.997
2019,"SE",2037646.835,7863195.173,18141108.847,11829314.276
2020,"SE",2583361.937,8906254.776,17160838.996,12037509.336
2021,"SE",2758532.406,10223714.663,19854436.576,13058212.568
2012,"ES",3176201.399,40943377.524,38436318.3,13402407.339
2013,"ES",3181360.905,39529666.737,40287985.254,14682954.328
2014,"ES",3725461.411,42713516.55,47948489.394,15416701.646
2015,"ES",3780658.941,31209703.055,49623438.322,15875887.408
2016,"ES",4268658.022,22591139.613,48999880.561,16368557.988
2017,"ES",4487418.285,21310119.997,53077025.257,16636091.787
2018,"ES",4383171.146,37612827.16,56539190.177,17726680.108
2019,"ES",4151890.137,30481764.274,61227310.034,18951862.01
2020,"ES",5223319.619,31468833.017,59074177.902,19093818.133
2021,"ES",7014830.246,59642698.972,68524167.161,20462461.589
2012,"MG",25557441.964,120130146.084,183985312.457,57423022.42
2013,"MG",24063866.415,131169704.92,208202298.962,65374557.487
2014,"MG",25586133.683,130897370.606,225777878.712,71892049.5
2015,"MG",24438676.07,119300650.551,234808509.816,78895176.793
2016,"MG",33215807.203,118431799.796,242718547.518,84106587.63
2017,"MG",28711502.201,128464906.81,257819675.107,90079527.743
2018,"MG",28048257.601,142818974.946,274659351.888,93258068.845
2019,"MG",26402412.264,154833585.073,293927167.458,96301814.633
2020,"MG",39984391.167,166049071.668,295100108.838,99949915.105
2021,"MG",55849923.02,258629585.54,332409799.166,107176262.831
2012,"RJ",2366835.449,159147132.443,245152705.484,82954650.915
2013,"RJ",2442473.27,162747371.267,274802728.527,94967872.787
2014,"RJ",2841308.862,171683729.092,301915183.19,102898606.221
2015,"RJ",3013657.572,131278633.425,311578179.272,110528752.291
2016,"RJ",3077081.381,98798160.628,321677730.423,118579648.441
2017,"RJ",2926015.454,104711661.099,333966132.184,121883672.741
2018,"RJ",2966697.024,149958584.45,351765717.508,125741575.425
2019,"RJ",3031269.702,165781864.369,358325288.748,133915811.826
2020,"RJ",3694432.894,157479025.719,357264648.848,135691594.461
2021,"RJ",4375468.049,292743438.196,377139324.831,145587872.677
2012,"SP",23809337.254,306561087.141,833816173.849,122512402.539
2013,"SP",26457535.094,323072407.694,927683721.804,142212557.694
2014,"SP",27335095.707,341738687.134,1032873124.291,150925989.744
2015,"SP",26323233.627,356652544.088,1078986194.483,164042235.3
2016,"SP",35827656.845,369476372.921,1153330169.822,166673250.143
2017,"SP",36514604.66,378976194.843,1198136757.946,173114231.084
2018,"SP",31617650.394,391375334.425,1250257602.993,179546309.465
2019,"SP",33074726.102,400871794.192,1354778258.158,186585705.779
2020,"SP",44391204.963,416873007.389,1356311969.183,197274126.788
2021,"SP",46193517.925,518292531.77,1474964197.392,206915184.032
2012,"PR",22230118.689,64970522.513,124768185.518,30958431.081
2013,"PR",29915244.891,74996316.032,146779374.231,35987682.146
2014,"PR",28599808.402,75758469.754,156145617.604,40602808.47
2015,"PR",29397753.791,83080350.707,170340963.76,43811481.398
2016,"PR",34670442.292,90310036.326,177295276.068,49053801.962
2017,"PR",34454306.96,92835937.761,186215668.484,52522503.283
2018,"PR",36364979.07,93690647.675,199520383.153,52992102.77
2019,"PR",34337307.26,105779995.145,210476598.611,55034885.719
2020,"PR",56493860.969,111144409.439,201893052.965,56838129.815
2021,"PR",61711281.815,130065816.851,223838589.926,58973870.572
2012,"RS",16293754.437,65393614.081,129347434.11,34452310.595
2013,"RS",28784075.939,69445164.634,147890741.62,40545177.793
2014,"RS",28904542.355,72455166.896,163249953.898,45317474.449
2015,"RS",31271499.11,77437931.506,175969731.78,48738532.904
2016,"RS",36269541.283,81763596.272,187247789.371,50744020.897
2017,"RS",33612228.094,82102382.078,198169281.965,53219175.511
2018,"RS",35592662.656,88973678.673,214644724.014,57322848.201
2019,"RS",36264071.57,94640915.498,227082030.512,62161083.712
2020,"RS",36152317.741,95234088.618,216008064.581,62607236.657
2021,"RS",74967474.897,121123406.799,238271768.741,67741825.841
2012,"SC",8896852.548,52362594.054,80005603.716,20787236.933
2013,"SC",12115977.124,55719105.848,88942119.705,24194421.408
2014,"SC",12676377.376,62122645.355,103567166.629,26466111.977
2015,"SC",12485692.666,60267844.596,108382197.719,28534686.416
2016,"SC",15004686.364,59126499.132,112348758.121,31433150.392
2017,"SC",14212205.733,63230006.319,122831214.491,33674358.942
2018,"SC",13671160.375,66293250.066,132462223.011,35481400.794
2019,"SC",15204640.548,71166135.078,143837768.733,37682742.536
2020,"SC",19402797.564,78132238.756,153999389.375,37750478.848
2021,"SC",23433284.208,95420338.684,186568806.067,42112450.422
